Ano,Modelo,RMSE,MAE,R2
2023,LSTM-MULTIVARIADO,437.2017691779779,333.86826860560575,-1.0465948040253208
2024,LSTM-MULTIVARIADO,440.7156233975473,336.0154694760571,-1.039548578749272
2021,LSTM-MULTIVARIADO,502.12370739088726,401.0065331928346,-1.7608711881902357
2022,LSTM-MULTIVARIADO,437.5030899210471,331.41936895444115,-1.025165366770071
