Ano,Modelo,RMSE,MAE,R2
2024,LSTM-MULTIVARIADO,440.868678547329,336.27540507694164,-1.0409654453267252
2022,LSTM-MULTIVARIADO,439.1281943222314,334.2719223333759,-1.0402382548412947
2021,LSTM-MULTIVARIADO,502.12370739088726,401.0065331928346,-1.7608711881902357
2023,LSTM-MULTIVARIADO,437.2562280638313,333.5785748928058,-1.0471046931531545
