Ano,Modelo,RMSE,MAE,R2
2023,LSTM-UNIVARIADO,434.3384232601498,315.0858810369274,-1.0130230539534528
2022,LSTM-UNIVARIADO,438.43857560537253,332.5032358413306,-1.0166314764082447
2024,LSTM-UNIVARIADO,441.3216873620571,336.76320520107294,-1.0407749056271456
