Ano,Modelo,RMSE,MAE,R2
2024,LSTM-UNIVARIADO,167.18253382270117,,
2021,LSTM-UNIVARIADO,170.5163166989091,,
2022,LSTM-UNIVARIADO,186.75901121655383,,
2023,LSTM-UNIVARIADO,104.31441076870837,,
2023,LSTM-MULTIVARIADO,110.78313529238882,,
2022,LSTM-MULTIVARIADO,190.62571446115464,,
2024,LSTM-MULTIVARIADO,180.76337040624813,,
