Ano,Modelo,RMSE,MAE,R2
2022,ELM,112.50357433606091,,
2023,ELM,92.12892184052812,,
2024,ELM,106.00132562760544,,
2021,ELM,101.95583054592805,,
2023,SVR,97.80588505504113,,
2021,SVR,106.59982995784125,,
2022,SVR,112.4166044051604,,
2024,SVR,106.50426981287498,,
2024,MLP,104.38660909893086,,
2023,MLP,95.57566596477923,,
2021,MLP,103.21911186004404,,
2022,MLP,110.2887172546806,,
