Ano,Modelo,RMSE,MAE,R2
2023,LSTM-UNIVARIADO,435.1144207614072,323.9453009925214,-1.0270991896660164
2022,LSTM-UNIVARIADO,437.67423844924497,331.89853573845033,-1.0267501412530917
2024,LSTM-UNIVARIADO,441.57560687593093,337.8034495691351,-1.0475160266299621
2021,LSTM-UNIVARIADO,440.51102686672994,338.2227913175986,-1.1248988396563289
2021,LSTM-MULTIVARIADO,502.12370739088726,401.0065331928346,-1.7608711881902357
2022,LSTM-MULTIVARIADO,438.9720519956395,334.0814713276334,-1.0387876036877128
2024,LSTM-MULTIVARIADO,440.6096741371212,335.61766373739,-1.0385680703311753
2023,LSTM-MULTIVARIADO,439.09678971756756,339.1338749025803,-1.0643748985219839
