Ano,Modelo,RMSE,MAE,R2
2022,LSTM-UNIVARIADO,202.2560593802617,,
2024,LSTM-UNIVARIADO,192.5661726998025,,
2023,LSTM-UNIVARIADO,118.65883199154833,,
2021,LSTM-UNIVARIADO,179.97621183252167,,
